Workbook

Sheet Data
A1: Customer ID | B1: Gender | C1: Age | D1: Tenure | E1: Monthly Charges | F1: Total Charges | G1: Contract Type | H1: Payment Method | I1: Internet Service | J1: Support Calls | K1: Satisfaction Score | L1: Churn
A2: CUST001 | B2: Male | C2: 34 | D2: 24 | E2: 79.99 | F2: 1919.76 | G2: Monthly | H2: Credit Card | I2: Fiber Optic | J2: 3 | K2: 8 | L2: No
A3: CUST002 | B3: Female | C3: 45 | D3: 12 | E3: 95.5 | F3: 1146 | G3: Monthly | H3: Bank Transfer | I3: DSL | J3: 5 | K3: 5 | L3: Yes
A4: CUST003 | B4: Male | C4: 29 | D4: 36 | E4: 65.25 | F4: 2349 | G4: Yearly | H4: Debit Card | I4: Fiber Optic | J4: 1 | K4: 9 | L4: No
A5: CUST004 | B5: Female | C5: 52 | D5: 8 | E5: 110 | F5: 880 | G5: Monthly | H5: Credit Card | I5: Fiber Optic | J5: 6 | K5: 4 | L5: Yes
A6: CUST005 | B6: Male | C6: 41 | D6: 48 | E6: 70 | F6: 3360 | G6: Yearly | H6: UPI | I6: DSL | J6: 2 | K6: 8 | L6: No
A7: CUST006 | B7: Female | C7: 31 | D7: 6 | E7: 89.99 | F7: 539.94 | G7: Monthly | H7: Bank Transfer | I7: Fiber Optic | J7: 4 | K7: 6 | L7: Yes
A8: CUST007 | B8: Male | C8: 60 | D8: 72 | E8: 55 | F8: 3960 | G8: Two-Year | H8: Credit Card | I8: DSL | J8: 0 | K8: 10 | L8: No
A9: CUST008 | B9: Female | C9: 27 | D9: 10 | E9: 99.99 | F9: 999.9 | G9: Monthly | H9: UPI | I9: Fiber Optic | J9: 7 | K9: 3 | L9: Yes
A10: CUST009 | B10: Male | C10: 38 | D10: 30 | E10: 75.5 | F10: 2265 | G10: Yearly | H10: Debit Card | I10: DSL | J10: 2 | K10: 7 | L10: No
A11: CUST010 | B11: Female | C11: 49 | D11: 18 | E11: 105.75 | F11: 1903.5 | G11: Monthly | H11: Credit Card | I11: Fiber Optic | J11: 5 | K11: 5 | L11: Yes

Sheet Analysis
A1: Total Customers | B1: =COUNTA(Data!B2:B11) -> 10
A2: Total Churned | B2: =COUNTIF(Data!L3:L12,"Yes") -> 5
A3: Total Retained | B3: =COUNTIF(Data!L4:L13,"No") -> 4
A4: Churn Rate % | B4: =B2/B1*100 -> 50
A5: Avg Support Calls (Churned) | B5: =AVERAGEIF(Data!L6:L15,"Yes",Data!J2:J11) -> 5
A6: Avg Satisfaction (Churned) | B6: =AVERAGEIF(Data!L2:L11,"Yes",Data!K2:K11) -> 4.6
A7: Monthly Contract Churn | B7: =COUNTIFS(Data!G2:G11,"Monthly",Data!L2:L11,"Yes") -> 5
A8: Yearly Contract Churn | B8: =COUNTIFS(Data!G2:G11,"Yearly",Data!L2:L11,"Yes") -> 0
A9: Fiber Optic Churn | B9: =COUNTIFS(Data!I2:I11,"Fiber Optic",Data!L2:L11,"Yes") -> 4
A10: DSL Churn | B10: =COUNTIFS(Data!I2:I11,"DSL",Data!L2:L11,"Yes") -> 1

Sheet Dashboard
A1: Customer Churn Analysis Dashboard
A2: Total Customers | B2: Total Churned | C2: Churn Rate% | D2: Return Rate | F2: Status | G2: Count | J2: Contract | K2: Churned | P2: Internet | Q2: Churned
A3: =Analysis!B3 -> 4 | B3: =Analysis!B2 -> 5 | C3: =Analysis!B4&"%" -> 50% | D3: =Analysis!B3 -> 4 | F3: Churned | G3: =Analysis!B2 -> 5 | J3: Monthly | K3: =Analysis!B7 -> 5 | P3: Fibre Optic | Q3: =Analysis!B9 -> 4
F4: Retained | G4: =Analysis!B3 -> 4 | J4: Yearly | K4: =Analysis!B8 -> 0 | P4: DSL | Q4: =Analysis!B10 -> 1
J5: Two-Year | K5: =0 -> 0
H23: =TODAY() -> 46144
